{
    "COURSES": [
        {
            "COURSE": "BS2002",
            "AU": "3.0 AU",
            "NAME": "MICROBIOLOGY*~",
            "REMARK": "CM1051 passed in AY2015 onwards can use to replace BS1001",
            "PREREQUISITE": "BS1001 (Not Applicable to BSB ,BS ,BSPY ,BMS)",
            "INDEX_LIST": [
                {
                    "INDEX": 8810.0,
                    "ACTIVITIES": [
                        {
                            "TYPE": "LEC/STUDIO",
                            "GROUP": "LE",
                            "DAY": "WED",
                            "TIME": {
                                "START": "0930",
                                "END": "1120"
                            },
                            "VENUE": "ONLINE",
                            "REMARK": "None"
                        },
                        {
                            "TYPE": "TUT",
                            "GROUP": "T1",
                            "DAY": "FRI",
                            "TIME": {
                                "START": "0830",
                                "END": "1020"
                            },
                            "VENUE": "SBS-TR+5",
                            "REMARK": "Teaching Wk3,5-7"
                        },
                        {
                            "TYPE": "TUT",
                            "GROUP": "T1",
                            "DAY": "FRI",
                            "TIME": {
                                "START": "0830",
                                "END": "1020"
                            },
                            "VENUE": "ONLINE",
                            "REMARK": "Teaching Wk2"
                        }
                    ]
                },
                {
                    "INDEX": 8810.0,
                    "ACTIVITIES": [
                        {
                            "TYPE": "LEC/STUDIO",
                            "GROUP": "LE",
                            "DAY": "WED",
                            "TIME": {
                                "START": "0930",
                                "END": "1120"
                            },
                            "VENUE": "ONLINE",
                            "REMARK": "None"
                        },
                        {
                            "TYPE": "TUT",
                            "GROUP": "T1",
                            "DAY": "FRI",
                            "TIME": {
                                "START": "0830",
                                "END": "1020"
                            },
                            "VENUE": "SBS-TR+5",
                            "REMARK": "Teaching Wk3,5-7"
                        },
                        {
                            "TYPE": "TUT",
                            "GROUP": "T1",
                            "DAY": "FRI",
                            "TIME": {
                                "START": "0830",
                                "END": "1020"
                            },
                            "VENUE": "ONLINE",
                            "REMARK": "Teaching Wk2"
                        }
                    ]
                },
                {
                    "INDEX": 8812.0,
                    "ACTIVITIES": [
                        {
                            "TYPE": "LEC/STUDIO",
                            "GROUP": "LE",
                            "DAY": "WED",
                            "TIME": {
                                "START": "0930",
                                "END": "1120"
                            },
                            "VENUE": "ONLINE",
                            "REMARK": "None"
                        },
                        {
                            "TYPE": "TUT",
                            "GROUP": "T3",
                            "DAY": "FRI",
                            "TIME": {
                                "START": "1030",
                                "END": "1220"
                            },
                            "VENUE": "SBS-TR+5",
                            "REMARK": "Teaching Wk3,5-7"
                        },
                        {
                            "TYPE": "TUT",
                            "GROUP": "T3",
                            "DAY": "FRI",
                            "TIME": {
                                "START": "1030",
                                "END": "1220"
                            },
                            "VENUE": "ONLINE",
                            "REMARK": "Teaching Wk2"
                        }
                    ]
                },
                {
                    "INDEX": 8812.0,
                    "ACTIVITIES": [
                        {
                            "TYPE": "LEC/STUDIO",
                            "GROUP": "LE",
                            "DAY": "WED",
                            "TIME": {
                                "START": "0930",
                                "END": "1120"
                            },
                            "VENUE": "ONLINE",
                            "REMARK": "None"
                        },
                        {
                            "TYPE": "TUT",
                            "GROUP": "T3",
                            "DAY": "FRI",
                            "TIME": {
                                "START": "1030",
                                "END": "1220"
                            },
                            "VENUE": "SBS-TR+5",
                            "REMARK": "Teaching Wk3,5-7"
                        },
                        {
                            "TYPE": "TUT",
                            "GROUP": "T3",
                            "DAY": "FRI",
                            "TIME": {
                                "START": "1030",
                                "END": "1220"
                            },
                            "VENUE": "ONLINE",
                            "REMARK": "Teaching Wk2"
                        }
                    ]
                },
                {
                    "INDEX": 8814.0,
                    "ACTIVITIES": [
                        {
                            "TYPE": "LEC/STUDIO",
                            "GROUP": "LE",
                            "DAY": "WED",
                            "TIME": {
                                "START": "0930",
                                "END": "1120"
                            },
                            "VENUE": "ONLINE",
                            "REMARK": "None"
                        },
                        {
                            "TYPE": "TUT",
                            "GROUP": "T5",
                            "DAY": "FRI",
                            "TIME": {
                                "START": "1330",
                                "END": "1520"
                            },
                            "VENUE": "SBS-TR+5",
                            "REMARK": "Teaching Wk3,5-7"
                        },
                        {
                            "TYPE": "TUT",
                            "GROUP": "T5",
                            "DAY": "FRI",
                            "TIME": {
                                "START": "1330",
                                "END": "1520"
                            },
                            "VENUE": "ONLINE",
                            "REMARK": "Teaching Wk2"
                        }
                    ]
                },
                {
                    "INDEX": 8814.0,
                    "ACTIVITIES": [
                        {
                            "TYPE": "LEC/STUDIO",
                            "GROUP": "LE",
                            "DAY": "WED",
                            "TIME": {
                                "START": "0930",
                                "END": "1120"
                            },
                            "VENUE": "ONLINE",
                            "REMARK": "None"
                        },
                        {
                            "TYPE": "TUT",
                            "GROUP": "T5",
                            "DAY": "FRI",
                            "TIME": {
                                "START": "1330",
                                "END": "1520"
                            },
                            "VENUE": "SBS-TR+5",
                            "REMARK": "Teaching Wk3,5-7"
                        },
                        {
                            "TYPE": "TUT",
                            "GROUP": "T5",
                            "DAY": "FRI",
                            "TIME": {
                                "START": "1330",
                                "END": "1520"
                            },
                            "VENUE": "ONLINE",
                            "REMARK": "Teaching Wk2"
                        }
                    ]
                },
                {
                    "INDEX": 8816.0,
                    "ACTIVITIES": [
                        {
                            "TYPE": "LEC/STUDIO",
                            "GROUP": "LE",
                            "DAY": "WED",
                            "TIME": {
                                "START": "0930",
                                "END": "1120"
                            },
                            "VENUE": "ONLINE",
                            "REMARK": "None"
                        },
                        {
                            "TYPE": "TUT",
                            "GROUP": "T1",
                            "DAY": "FRI",
                            "TIME": {
                                "START": "0830",
                                "END": "1020"
                            },
                            "VENUE": "SBS-TR+5",
                            "REMARK": "Teaching Wk3,5-7"
                        },
                        {
                            "TYPE": "TUT",
                            "GROUP": "T1",
                            "DAY": "FRI",
                            "TIME": {
                                "START": "0830",
                                "END": "1020"
                            },
                            "VENUE": "ONLINE",
                            "REMARK": "Teaching Wk2"
                        }
                    ]
                },
                {
                    "INDEX": 8816.0,
                    "ACTIVITIES": [
                        {
                            "TYPE": "LEC/STUDIO",
                            "GROUP": "LE",
                            "DAY": "WED",
                            "TIME": {
                                "START": "0930",
                                "END": "1120"
                            },
                            "VENUE": "ONLINE",
                            "REMARK": "None"
                        },
                        {
                            "TYPE": "TUT",
                            "GROUP": "T1",
                            "DAY": "FRI",
                            "TIME": {
                                "START": "0830",
                                "END": "1020"
                            },
                            "VENUE": "SBS-TR+5",
                            "REMARK": "Teaching Wk3,5-7"
                        },
                        {
                            "TYPE": "TUT",
                            "GROUP": "T1",
                            "DAY": "FRI",
                            "TIME": {
                                "START": "0830",
                                "END": "1020"
                            },
                            "VENUE": "ONLINE",
                            "REMARK": "Teaching Wk2"
                        }
                    ]
                },
                {
                    "INDEX": 8818.0,
                    "ACTIVITIES": [
                        {
                            "TYPE": "LEC/STUDIO",
                            "GROUP": "LE",
                            "DAY": "WED",
                            "TIME": {
                                "START": "0930",
                                "END": "1120"
                            },
                            "VENUE": "ONLINE",
                            "REMARK": "None"
                        },
                        {
                            "TYPE": "TUT",
                            "GROUP": "T3",
                            "DAY": "FRI",
                            "TIME": {
                                "START": "1030",
                                "END": "1220"
                            },
                            "VENUE": "SBS-TR+5",
                            "REMARK": "Teaching Wk3,5-7"
                        },
                        {
                            "TYPE": "TUT",
                            "GROUP": "T3",
                            "DAY": "FRI",
                            "TIME": {
                                "START": "1030",
                                "END": "1220"
                            },
                            "VENUE": "ONLINE",
                            "REMARK": "Teaching Wk2"
                        }
                    ]
                },
                {
                    "INDEX": 8818.0,
                    "ACTIVITIES": [
                        {
                            "TYPE": "LEC/STUDIO",
                            "GROUP": "LE",
                            "DAY": "WED",
                            "TIME": {
                                "START": "0930",
                                "END": "1120"
                            },
                            "VENUE": "ONLINE",
                            "REMARK": "None"
                        },
                        {
                            "TYPE": "TUT",
                            "GROUP": "T3",
                            "DAY": "FRI",
                            "TIME": {
                                "START": "1030",
                                "END": "1220"
                            },
                            "VENUE": "SBS-TR+5",
                            "REMARK": "Teaching Wk3,5-7"
                        },
                        {
                            "TYPE": "TUT",
                            "GROUP": "T3",
                            "DAY": "FRI",
                            "TIME": {
                                "START": "1030",
                                "END": "1220"
                            },
                            "VENUE": "ONLINE",
                            "REMARK": "Teaching Wk2"
                        }
                    ]
                },
                {
                    "INDEX": 8820.0,
                    "ACTIVITIES": [
                        {
                            "TYPE": "LEC/STUDIO",
                            "GROUP": "LE",
                            "DAY": "WED",
                            "TIME": {
                                "START": "0930",
                                "END": "1120"
                            },
                            "VENUE": "ONLINE",
                            "REMARK": "None"
                        },
                        {
                            "TYPE": "TUT",
                            "GROUP": "T6",
                            "DAY": "FRI",
                            "TIME": {
                                "START": "1330",
                                "END": "1520"
                            },
                            "VENUE": "SBS-TR+5",
                            "REMARK": "Teaching Wk8-12"
                        }
                    ]
                },
                {
                    "INDEX": 8820.0,
                    "ACTIVITIES": [
                        {
                            "TYPE": "LEC/STUDIO",
                            "GROUP": "LE",
                            "DAY": "WED",
                            "TIME": {
                                "START": "0930",
                                "END": "1120"
                            },
                            "VENUE": "ONLINE",
                            "REMARK": "None"
                        },
                        {
                            "TYPE": "TUT",
                            "GROUP": "T6",
                            "DAY": "FRI",
                            "TIME": {
                                "START": "1330",
                                "END": "1520"
                            },
                            "VENUE": "SBS-TR+5",
                            "REMARK": "Teaching Wk8-12"
                        }
                    ]
                },
                {
                    "INDEX": 8820.0,
                    "ACTIVITIES": [
                        {
                            "TYPE": "LEC/STUDIO",
                            "GROUP": "LE",
                            "DAY": "WED",
                            "TIME": {
                                "START": "0930",
                                "END": "1120"
                            },
                            "VENUE": "ONLINE",
                            "REMARK": "None"
                        },
                        {
                            "TYPE": "TUT",
                            "GROUP": "T6",
                            "DAY": "FRI",
                            "TIME": {
                                "START": "1330",
                                "END": "1520"
                            },
                            "VENUE": "SBS-TR+5",
                            "REMARK": "Teaching Wk8-12"
                        }
                    ]
                }
            ]
        }
    ]
}